{"cameraMode":{"drawMode":0,"name":"Shaded","section":"Shading Mode"},"sceneLighting":true,"audioPlay":false,"sceneViewState":{"m_AlwaysRefresh":false,"showFog":true,"showSkybox":true,"showFlares":true,"showImageEffects":true,"showParticleSystems":true,"showVisualEffectGraphs":true,"m_FxEnabled":true},"in2DMode":false,"pivot":{"x":-13.733564376831055,"y":0.8710072040557861,"z":7.907158851623535},"rotation":{"x":0.7032793164253235,"y":-0.0010663807624951006,"z":0.0010549139697104693,"w":0.7109134197235107},"size":17.953611373901368,"orthographic":true}