{"cameraMode":{"drawMode":0,"name":"Shaded","section":"Shading Mode"},"sceneLighting":true,"audioPlay":false,"sceneViewState":{"m_AlwaysRefresh":false,"showFog":true,"showSkybox":true,"showFlares":true,"showImageEffects":true,"showParticleSystems":true,"showVisualEffectGraphs":true,"m_FxEnabled":true},"in2DMode":false,"pivot":{"x":505.5504150390625,"y":332.26458740234377,"z":-18.9486083984375},"rotation":{"x":0.015896480530500413,"y":-0.011998186819255352,"z":0.00020330359984654933,"w":0.9998095035552979},"size":306.1475830078125,"orthographic":true}