{"cameraMode":{"drawMode":0,"name":"Shaded","section":"Shading Mode"},"sceneLighting":true,"audioPlay":false,"sceneViewState":{"m_AlwaysRefresh":false,"showFog":true,"showSkybox":true,"showFlares":true,"showImageEffects":true,"showParticleSystems":true,"showVisualEffectGraphs":true,"m_FxEnabled":true},"in2DMode":false,"pivot":{"x":-24.753952026367189,"y":37.04866027832031,"z":33.6666259765625},"rotation":{"x":0.5713911056518555,"y":-0.019691528752446176,"z":0.013715466484427452,"w":0.820331335067749},"size":131.18325805664063,"orthographic":true}