{"cameraMode":{"drawMode":0,"name":"Shaded","section":"Shading Mode"},"sceneLighting":true,"audioPlay":false,"sceneViewState":{"m_AlwaysRefresh":false,"showFog":true,"showSkybox":true,"showFlares":true,"showImageEffects":true,"showParticleSystems":true,"showVisualEffectGraphs":true,"m_FxEnabled":true},"in2DMode":false,"pivot":{"x":1.1499617099761963,"y":-0.053985595703125,"z":0.9388115406036377},"rotation":{"x":0.7249003052711487,"y":-0.0030998883303254844,"z":0.0032613659277558328,"w":0.6888424158096314},"size":8.82019329071045,"orthographic":true}