{"cameraMode":{"drawMode":0,"name":"Shaded","section":"Shading Mode"},"sceneLighting":true,"audioPlay":false,"sceneViewState":{"m_AlwaysRefresh":false,"showFog":true,"showSkybox":true,"showFlares":true,"showImageEffects":true,"showParticleSystems":true,"showVisualEffectGraphs":true,"m_FxEnabled":true},"in2DMode":false,"pivot":{"x":697.8297119140625,"y":389.3232727050781,"z":4.6463623046875},"rotation":{"x":0.015896480530500413,"y":-0.011998186819255352,"z":0.00020330359984654933,"w":0.9998095035552979},"size":412.2093505859375,"orthographic":true}