{"cameraMode":{"drawMode":0,"name":"Shaded","section":"Shading Mode"},"sceneLighting":false,"audioPlay":false,"sceneViewState":{"m_AlwaysRefresh":false,"showFog":true,"showSkybox":false,"showFlares":true,"showImageEffects":true,"showParticleSystems":true,"showVisualEffectGraphs":true,"m_FxEnabled":true},"in2DMode":false,"pivot":{"x":-0.08151918649673462,"y":0.01011127233505249,"z":99.91597747802735},"rotation":{"x":0.7043474912643433,"y":0.0010660071857273579,"z":-0.0010552401654422284,"w":0.7098600268363953},"size":4.752572536468506,"orthographic":true}