{"cameraMode":{"drawMode":0,"name":"Shaded","section":"Shading Mode"},"sceneLighting":false,"audioPlay":false,"sceneViewState":{"m_AlwaysRefresh":false,"showFog":true,"showSkybox":false,"showFlares":true,"showImageEffects":true,"showParticleSystems":true,"showVisualEffectGraphs":true,"m_FxEnabled":true},"in2DMode":false,"pivot":{"x":-0.3260767459869385,"y":0.04044508934020996,"z":99.66390991210938},"rotation":{"x":0.7043474912643433,"y":0.0010660071857273579,"z":-0.0010552401654422284,"w":0.7098600268363953},"size":11.714116096496582,"orthographic":true}