{"cameraMode":{"drawMode":0,"name":"Shaded","section":"Shading Mode"},"sceneLighting":false,"audioPlay":false,"sceneViewState":{"m_AlwaysRefresh":false,"showFog":true,"showSkybox":false,"showFlares":true,"showImageEffects":true,"showParticleSystems":true,"showVisualEffectGraphs":true,"m_FxEnabled":true},"in2DMode":false,"pivot":{"x":-0.4075961112976074,"y":0.05055665969848633,"z":99.57987976074219},"rotation":{"x":0.21391743421554566,"y":0.27687564492225649,"z":-0.06337007880210877,"w":0.9346458315849304},"size":14.642642974853516,"orthographic":true}